name	type	units	low_cutoff	high_cutoff	sampling_frequency	status	status_description
ch001	SEEG	V	n/a	n/a	3051.7578	good	TDT input 1 of the rawData array; mapping to a named electrode is not documented in the release
ch002	SEEG	V	n/a	n/a	3051.7578	good	TDT input 2 of the rawData array; mapping to a named electrode is not documented in the release
ch003	SEEG	V	n/a	n/a	3051.7578	good	TDT input 3 of the rawData array; mapping to a named electrode is not documented in the release
ch004	SEEG	V	n/a	n/a	3051.7578	good	TDT input 4 of the rawData array; mapping to a named electrode is not documented in the release
ch005	SEEG	V	n/a	n/a	3051.7578	good	TDT input 5 of the rawData array; mapping to a named electrode is not documented in the release
ch006	SEEG	V	n/a	n/a	3051.7578	good	TDT input 6 of the rawData array; mapping to a named electrode is not documented in the release
ch007	SEEG	V	n/a	n/a	3051.7578	good	TDT input 7 of the rawData array; mapping to a named electrode is not documented in the release
ch008	SEEG	V	n/a	n/a	3051.7578	good	TDT input 8 of the rawData array; mapping to a named electrode is not documented in the release
ch009	SEEG	V	n/a	n/a	3051.7578	good	TDT input 9 of the rawData array; mapping to a named electrode is not documented in the release
ch010	SEEG	V	n/a	n/a	3051.7578	good	TDT input 10 of the rawData array; mapping to a named electrode is not documented in the release
ch011	SEEG	V	n/a	n/a	3051.7578	good	TDT input 11 of the rawData array; mapping to a named electrode is not documented in the release
ch012	SEEG	V	n/a	n/a	3051.7578	good	TDT input 12 of the rawData array; mapping to a named electrode is not documented in the release
ch013	SEEG	V	n/a	n/a	3051.7578	good	TDT input 13 of the rawData array; mapping to a named electrode is not documented in the release
ch014	SEEG	V	n/a	n/a	3051.7578	good	TDT input 14 of the rawData array; mapping to a named electrode is not documented in the release
ch015	SEEG	V	n/a	n/a	3051.7578	good	TDT input 15 of the rawData array; mapping to a named electrode is not documented in the release
ch016	SEEG	V	n/a	n/a	3051.7578	good	TDT input 16 of the rawData array; mapping to a named electrode is not documented in the release
ch017	SEEG	V	n/a	n/a	3051.7578	good	TDT input 17 of the rawData array; mapping to a named electrode is not documented in the release
ch018	SEEG	V	n/a	n/a	3051.7578	good	TDT input 18 of the rawData array; mapping to a named electrode is not documented in the release
ch019	SEEG	V	n/a	n/a	3051.7578	good	TDT input 19 of the rawData array; mapping to a named electrode is not documented in the release
ch020	SEEG	V	n/a	n/a	3051.7578	good	TDT input 20 of the rawData array; mapping to a named electrode is not documented in the release
ch021	SEEG	V	n/a	n/a	3051.7578	good	TDT input 21 of the rawData array; mapping to a named electrode is not documented in the release
ch022	SEEG	V	n/a	n/a	3051.7578	good	TDT input 22 of the rawData array; mapping to a named electrode is not documented in the release
ch023	SEEG	V	n/a	n/a	3051.7578	good	TDT input 23 of the rawData array; mapping to a named electrode is not documented in the release
ch024	SEEG	V	n/a	n/a	3051.7578	good	TDT input 24 of the rawData array; mapping to a named electrode is not documented in the release
ch025	SEEG	V	n/a	n/a	3051.7578	good	TDT input 25 of the rawData array; mapping to a named electrode is not documented in the release
ch026	SEEG	V	n/a	n/a	3051.7578	good	TDT input 26 of the rawData array; mapping to a named electrode is not documented in the release
ch027	SEEG	V	n/a	n/a	3051.7578	good	TDT input 27 of the rawData array; mapping to a named electrode is not documented in the release
ch028	SEEG	V	n/a	n/a	3051.7578	good	TDT input 28 of the rawData array; mapping to a named electrode is not documented in the release
ch029	SEEG	V	n/a	n/a	3051.7578	good	TDT input 29 of the rawData array; mapping to a named electrode is not documented in the release
ch030	SEEG	V	n/a	n/a	3051.7578	good	TDT input 30 of the rawData array; mapping to a named electrode is not documented in the release
ch031	SEEG	V	n/a	n/a	3051.7578	good	TDT input 31 of the rawData array; mapping to a named electrode is not documented in the release
ch032	SEEG	V	n/a	n/a	3051.7578	good	TDT input 32 of the rawData array; mapping to a named electrode is not documented in the release
ch033	SEEG	V	n/a	n/a	3051.7578	good	TDT input 33 of the rawData array; mapping to a named electrode is not documented in the release
ch034	SEEG	V	n/a	n/a	3051.7578	good	TDT input 34 of the rawData array; mapping to a named electrode is not documented in the release
ch035	SEEG	V	n/a	n/a	3051.7578	good	TDT input 35 of the rawData array; mapping to a named electrode is not documented in the release
ch036	SEEG	V	n/a	n/a	3051.7578	good	TDT input 36 of the rawData array; mapping to a named electrode is not documented in the release
ch037	SEEG	V	n/a	n/a	3051.7578	good	TDT input 37 of the rawData array; mapping to a named electrode is not documented in the release
ch038	SEEG	V	n/a	n/a	3051.7578	good	TDT input 38 of the rawData array; mapping to a named electrode is not documented in the release
ch039	SEEG	V	n/a	n/a	3051.7578	good	TDT input 39 of the rawData array; mapping to a named electrode is not documented in the release
ch040	SEEG	V	n/a	n/a	3051.7578	good	TDT input 40 of the rawData array; mapping to a named electrode is not documented in the release
ch041	SEEG	V	n/a	n/a	3051.7578	good	TDT input 41 of the rawData array; mapping to a named electrode is not documented in the release
ch042	SEEG	V	n/a	n/a	3051.7578	good	TDT input 42 of the rawData array; mapping to a named electrode is not documented in the release
ch043	SEEG	V	n/a	n/a	3051.7578	good	TDT input 43 of the rawData array; mapping to a named electrode is not documented in the release
ch044	SEEG	V	n/a	n/a	3051.7578	good	TDT input 44 of the rawData array; mapping to a named electrode is not documented in the release
ch045	SEEG	V	n/a	n/a	3051.7578	good	TDT input 45 of the rawData array; mapping to a named electrode is not documented in the release
ch046	SEEG	V	n/a	n/a	3051.7578	good	TDT input 46 of the rawData array; mapping to a named electrode is not documented in the release
ch047	SEEG	V	n/a	n/a	3051.7578	good	TDT input 47 of the rawData array; mapping to a named electrode is not documented in the release
ch048	SEEG	V	n/a	n/a	3051.7578	good	TDT input 48 of the rawData array; mapping to a named electrode is not documented in the release
ch049	SEEG	V	n/a	n/a	3051.7578	good	TDT input 49 of the rawData array; mapping to a named electrode is not documented in the release
ch050	SEEG	V	n/a	n/a	3051.7578	good	TDT input 50 of the rawData array; mapping to a named electrode is not documented in the release
ch051	SEEG	V	n/a	n/a	3051.7578	good	TDT input 51 of the rawData array; mapping to a named electrode is not documented in the release
ch052	SEEG	V	n/a	n/a	3051.7578	good	TDT input 52 of the rawData array; mapping to a named electrode is not documented in the release
ch053	SEEG	V	n/a	n/a	3051.7578	good	TDT input 53 of the rawData array; mapping to a named electrode is not documented in the release
ch054	SEEG	V	n/a	n/a	3051.7578	good	TDT input 54 of the rawData array; mapping to a named electrode is not documented in the release
ch055	SEEG	V	n/a	n/a	3051.7578	good	TDT input 55 of the rawData array; mapping to a named electrode is not documented in the release
ch056	SEEG	V	n/a	n/a	3051.7578	good	TDT input 56 of the rawData array; mapping to a named electrode is not documented in the release
ch057	SEEG	V	n/a	n/a	3051.7578	good	TDT input 57 of the rawData array; mapping to a named electrode is not documented in the release
ch058	SEEG	V	n/a	n/a	3051.7578	good	TDT input 58 of the rawData array; mapping to a named electrode is not documented in the release
ch059	SEEG	V	n/a	n/a	3051.7578	good	TDT input 59 of the rawData array; mapping to a named electrode is not documented in the release
ch060	SEEG	V	n/a	n/a	3051.7578	good	TDT input 60 of the rawData array; mapping to a named electrode is not documented in the release
ch061	SEEG	V	n/a	n/a	3051.7578	good	TDT input 61 of the rawData array; mapping to a named electrode is not documented in the release
ch062	SEEG	V	n/a	n/a	3051.7578	good	TDT input 62 of the rawData array; mapping to a named electrode is not documented in the release
ch063	SEEG	V	n/a	n/a	3051.7578	good	TDT input 63 of the rawData array; mapping to a named electrode is not documented in the release
ch064	SEEG	V	n/a	n/a	3051.7578	good	TDT input 64 of the rawData array; mapping to a named electrode is not documented in the release
ch065	SEEG	V	n/a	n/a	3051.7578	good	TDT input 65 of the rawData array; mapping to a named electrode is not documented in the release
ch066	SEEG	V	n/a	n/a	3051.7578	good	TDT input 66 of the rawData array; mapping to a named electrode is not documented in the release
ch067	SEEG	V	n/a	n/a	3051.7578	good	TDT input 67 of the rawData array; mapping to a named electrode is not documented in the release
ch068	SEEG	V	n/a	n/a	3051.7578	good	TDT input 68 of the rawData array; mapping to a named electrode is not documented in the release
ch069	SEEG	V	n/a	n/a	3051.7578	good	TDT input 69 of the rawData array; mapping to a named electrode is not documented in the release
ch070	SEEG	V	n/a	n/a	3051.7578	good	TDT input 70 of the rawData array; mapping to a named electrode is not documented in the release
ch071	SEEG	V	n/a	n/a	3051.7578	good	TDT input 71 of the rawData array; mapping to a named electrode is not documented in the release
ch072	SEEG	V	n/a	n/a	3051.7578	good	TDT input 72 of the rawData array; mapping to a named electrode is not documented in the release
ch073	SEEG	V	n/a	n/a	3051.7578	good	TDT input 73 of the rawData array; mapping to a named electrode is not documented in the release
ch074	SEEG	V	n/a	n/a	3051.7578	good	TDT input 74 of the rawData array; mapping to a named electrode is not documented in the release
ch075	SEEG	V	n/a	n/a	3051.7578	good	TDT input 75 of the rawData array; mapping to a named electrode is not documented in the release
ch076	SEEG	V	n/a	n/a	3051.7578	good	TDT input 76 of the rawData array; mapping to a named electrode is not documented in the release
ch077	SEEG	V	n/a	n/a	3051.7578	good	TDT input 77 of the rawData array; mapping to a named electrode is not documented in the release
ch078	SEEG	V	n/a	n/a	3051.7578	good	TDT input 78 of the rawData array; mapping to a named electrode is not documented in the release
ch079	SEEG	V	n/a	n/a	3051.7578	good	TDT input 79 of the rawData array; mapping to a named electrode is not documented in the release
ch080	SEEG	V	n/a	n/a	3051.7578	good	TDT input 80 of the rawData array; mapping to a named electrode is not documented in the release
ch081	SEEG	V	n/a	n/a	3051.7578	good	TDT input 81 of the rawData array; mapping to a named electrode is not documented in the release
ch082	SEEG	V	n/a	n/a	3051.7578	good	TDT input 82 of the rawData array; mapping to a named electrode is not documented in the release
ch083	SEEG	V	n/a	n/a	3051.7578	good	TDT input 83 of the rawData array; mapping to a named electrode is not documented in the release
ch084	SEEG	V	n/a	n/a	3051.7578	good	TDT input 84 of the rawData array; mapping to a named electrode is not documented in the release
ch085	SEEG	V	n/a	n/a	3051.7578	good	TDT input 85 of the rawData array; mapping to a named electrode is not documented in the release
ch086	SEEG	V	n/a	n/a	3051.7578	good	TDT input 86 of the rawData array; mapping to a named electrode is not documented in the release
ch087	SEEG	V	n/a	n/a	3051.7578	good	TDT input 87 of the rawData array; mapping to a named electrode is not documented in the release
ch088	SEEG	V	n/a	n/a	3051.7578	good	TDT input 88 of the rawData array; mapping to a named electrode is not documented in the release
ch089	SEEG	V	n/a	n/a	3051.7578	good	TDT input 89 of the rawData array; mapping to a named electrode is not documented in the release
ch090	SEEG	V	n/a	n/a	3051.7578	good	TDT input 90 of the rawData array; mapping to a named electrode is not documented in the release
ch091	SEEG	V	n/a	n/a	3051.7578	good	TDT input 91 of the rawData array; mapping to a named electrode is not documented in the release
ch092	SEEG	V	n/a	n/a	3051.7578	good	TDT input 92 of the rawData array; mapping to a named electrode is not documented in the release
ch093	SEEG	V	n/a	n/a	3051.7578	good	TDT input 93 of the rawData array; mapping to a named electrode is not documented in the release
ch094	SEEG	V	n/a	n/a	3051.7578	good	TDT input 94 of the rawData array; mapping to a named electrode is not documented in the release
ch095	SEEG	V	n/a	n/a	3051.7578	good	TDT input 95 of the rawData array; mapping to a named electrode is not documented in the release
ch096	SEEG	V	n/a	n/a	3051.7578	good	TDT input 96 of the rawData array; mapping to a named electrode is not documented in the release
ch097	SEEG	V	n/a	n/a	3051.7578	good	TDT input 97 of the rawData array; mapping to a named electrode is not documented in the release
ch098	SEEG	V	n/a	n/a	3051.7578	good	TDT input 98 of the rawData array; mapping to a named electrode is not documented in the release
ch099	SEEG	V	n/a	n/a	3051.7578	good	TDT input 99 of the rawData array; mapping to a named electrode is not documented in the release
ch100	SEEG	V	n/a	n/a	3051.7578	good	TDT input 100 of the rawData array; mapping to a named electrode is not documented in the release
ch101	SEEG	V	n/a	n/a	3051.7578	good	TDT input 101 of the rawData array; mapping to a named electrode is not documented in the release
ch102	SEEG	V	n/a	n/a	3051.7578	good	TDT input 102 of the rawData array; mapping to a named electrode is not documented in the release
ch103	SEEG	V	n/a	n/a	3051.7578	good	TDT input 103 of the rawData array; mapping to a named electrode is not documented in the release
ch104	SEEG	V	n/a	n/a	3051.7578	good	TDT input 104 of the rawData array; mapping to a named electrode is not documented in the release
ch105	SEEG	V	n/a	n/a	3051.7578	good	TDT input 105 of the rawData array; mapping to a named electrode is not documented in the release
ch106	SEEG	V	n/a	n/a	3051.7578	good	TDT input 106 of the rawData array; mapping to a named electrode is not documented in the release
ch107	SEEG	V	n/a	n/a	3051.7578	good	TDT input 107 of the rawData array; mapping to a named electrode is not documented in the release
ch108	SEEG	V	n/a	n/a	3051.7578	good	TDT input 108 of the rawData array; mapping to a named electrode is not documented in the release
ch109	SEEG	V	n/a	n/a	3051.7578	good	TDT input 109 of the rawData array; mapping to a named electrode is not documented in the release
ch110	SEEG	V	n/a	n/a	3051.7578	good	TDT input 110 of the rawData array; mapping to a named electrode is not documented in the release
ch111	SEEG	V	n/a	n/a	3051.7578	good	TDT input 111 of the rawData array; mapping to a named electrode is not documented in the release
ch112	SEEG	V	n/a	n/a	3051.7578	good	TDT input 112 of the rawData array; mapping to a named electrode is not documented in the release
ch113	SEEG	V	n/a	n/a	3051.7578	good	TDT input 113 of the rawData array; mapping to a named electrode is not documented in the release
ch114	SEEG	V	n/a	n/a	3051.7578	good	TDT input 114 of the rawData array; mapping to a named electrode is not documented in the release
ch115	SEEG	V	n/a	n/a	3051.7578	good	TDT input 115 of the rawData array; mapping to a named electrode is not documented in the release
ch116	SEEG	V	n/a	n/a	3051.7578	good	TDT input 116 of the rawData array; mapping to a named electrode is not documented in the release
ch117	SEEG	V	n/a	n/a	3051.7578	good	TDT input 117 of the rawData array; mapping to a named electrode is not documented in the release
ch118	SEEG	V	n/a	n/a	3051.7578	good	TDT input 118 of the rawData array; mapping to a named electrode is not documented in the release
ch119	SEEG	V	n/a	n/a	3051.7578	good	TDT input 119 of the rawData array; mapping to a named electrode is not documented in the release
ch120	SEEG	V	n/a	n/a	3051.7578	good	TDT input 120 of the rawData array; mapping to a named electrode is not documented in the release
ch121	SEEG	V	n/a	n/a	3051.7578	good	TDT input 121 of the rawData array; mapping to a named electrode is not documented in the release
ch122	SEEG	V	n/a	n/a	3051.7578	good	TDT input 122 of the rawData array; mapping to a named electrode is not documented in the release
ch123	SEEG	V	n/a	n/a	3051.7578	good	TDT input 123 of the rawData array; mapping to a named electrode is not documented in the release
ch124	SEEG	V	n/a	n/a	3051.7578	good	TDT input 124 of the rawData array; mapping to a named electrode is not documented in the release
ch125	SEEG	V	n/a	n/a	3051.7578	good	TDT input 125 of the rawData array; mapping to a named electrode is not documented in the release
ch126	SEEG	V	n/a	n/a	3051.7578	good	TDT input 126 of the rawData array; mapping to a named electrode is not documented in the release
ch127	SEEG	V	n/a	n/a	3051.7578	good	TDT input 127 of the rawData array; mapping to a named electrode is not documented in the release
ch128	SEEG	V	n/a	n/a	3051.7578	good	TDT input 128 of the rawData array; mapping to a named electrode is not documented in the release
