name	x	y	z	size	type	group	long_name	anatomy	row_in_source_table
OFC11	-5.256	47.614000000000004	-39.65799999999999	n/a	depth	OFC	OFC11	ctx_lh_G_rectus	1
OFC12	9.765	57.43799999999999	-37.93700000000001	n/a	depth	OFC	OFC12	ctx_rh_G_and_S_cingul-Ant	2
OFC13	13.763999999999996	55.982	-37.31	n/a	depth	OFC	OFC13	Right-Cerebral-White-Matter	3
OFC14	18.351	48.013000000000005	-32.900000000000006	n/a	depth	OFC	OFC14	Right-Cerebral-White-Matter	4
OFC15	24.513999999999996	45.697	-28.549000000000007	n/a	depth	OFC	OFC15	Right-Cerebral-White-Matter	5
OFC16	28.019000000000005	44.553	-27.77199999999999	n/a	depth	OFC	OFC16	Right-Cerebral-White-Matter	6
OFC17	30.7149	45.32300000000001	-26.769000000000005	n/a	depth	OFC	OFC17	ctx_rh_S_circular_insula_ant	7
OFC18	33.810199999999995	48.197	-28.450999999999993	n/a	depth	OFC	OFC18	ctx_rh_Lat_Fis-ant-Horizont	8
OFC19	41.935599999999994	47.916	-28.46799999999999	n/a	depth	OFC	OFC19	Right-Cerebral-White-Matter	9
OFC110	46.8544	44.18600000000001	-29.09299999999999	n/a	depth	OFC	OFC110	Right-Cerebral-White-Matter	10
OFC21	9.024000000000001	29.95599999999999	-53.037000000000006	n/a	depth	OFC	OFC21	ctx_rh_S_orbital_med-olfact	11
OFC22	18.087000000000003	32.042	-50.22200000000001	n/a	depth	OFC	OFC22	ctx_rh_S_orbital_med-olfact	12
OFC23	22.531999999999996	44.02099999999999	-42.74799999999999	n/a	depth	OFC	OFC23	Right-Cerebral-White-Matter	13
OFC24	27.599999999999994	45.32599999999999	-37.650000000000006	n/a	depth	OFC	OFC24	ctx_rh_S_circular_insula_ant	14
OFC25	29.862700000000004	45.69900000000001	-36.40100000000001	n/a	depth	OFC	OFC25	Right-Cerebral-White-Matter	15
OFC26	29.517300000000006	44.293000000000006	-36.869	n/a	depth	OFC	OFC26	ctx_rh_S_circular_insula_ant	16
OFC27	39.647000000000006	46.71700000000001	-29.144000000000005	n/a	depth	OFC	OFC27	Unknown	17
OFC28	43.746300000000005	39.610000000000014	-24.22800000000001	n/a	depth	OFC	OFC28	Right-Cerebral-White-Matter	18
OFC29	43.7932	39.20099999999999	-21.313999999999993	n/a	depth	OFC	OFC29	ctx_rh_Lat_Fis-ant-Vertical	19
OFC210	47.2933	47.093999999999994	-11.956999999999994	n/a	depth	OFC	OFC210	Unknown	20
OFC31	38.8327	27.436000000000007	-22.145999999999987	n/a	depth	OFC	OFC31	ctx_rh_S_circular_insula_sup	21
OFC32	45.3518	27.929000000000002	-26.764999999999986	n/a	depth	OFC	OFC32	Right-Cerebral-White-Matter	22
OFC33	47.7757	23.69999999999999	-26.036	n/a	depth	OFC	OFC33	Right-Cerebral-White-Matter	23
OFC34	52.003699999999995	23.204000000000008	-24.824000000000012	n/a	depth	OFC	OFC34	Right-Cerebral-White-Matter	24
OFC35	52.658699999999996	29.659999999999997	-22.026999999999987	n/a	depth	OFC	OFC35	Right-Cerebral-White-Matter	25
OFC36	62.3207	27.061000000000007	-16.542	n/a	depth	OFC	OFC36	ctx_rh_G_precentral	26
OFC37	65.9308	28.741000000000014	-9.12700000000001	n/a	depth	OFC	OFC37	Unknown	27
OFC38	69.2766	29.50999999999999	-3.203000000000003	n/a	depth	OFC	OFC38	Unknown	28
OFC39	74.273	31.726	-0.7949999999999875	n/a	depth	OFC	OFC39	Unknown	29
OFC310	79.22370000000001	33.501000000000005	1.066999999999993	n/a	depth	OFC	OFC310	Unknown	30
unlabeled_row031	n/a	n/a	n/a	n/a	n/a	n/a	n/a	n/a	31
unlabeled_row032	n/a	n/a	n/a	n/a	n/a	n/a	n/a	n/a	32
CIN1	-0.39799999999999613	35.117999999999995	14.864999999999995	n/a	depth	CIN	Cingulate1	Unknown	33
CIN2	5.617000000000004	37.23599999999999	15.269999999999996	n/a	depth	CIN	Cingulate2	ctx_rh_G_front_sup	34
CIN3	13.316000000000003	34.087999999999994	10.427000000000007	n/a	depth	CIN	Cingulate3	Right-Cerebral-White-Matter	35
CIN4	16.491	38.66300000000001	11.954999999999998	n/a	depth	CIN	Cingulate4	Right-Cerebral-White-Matter	36
CIN5	21.403000000000006	39.631	11.933000000000007	n/a	depth	CIN	Cingulate5	Right-Cerebral-White-Matter	37
CIN6	28.3163	36.791	10.149000000000001	n/a	depth	CIN	Cingulate6	ctx_rh_S_front_sup	38
CIN7	35.913700000000006	38.202	10.227000000000004	n/a	depth	CIN	Cingulate7	ctx_rh_S_front_sup	39
CIN8	39.3489	40.900000000000006	11.241	n/a	depth	CIN	Cingulate8	Right-Cerebral-White-Matter	40
CIN9	46.67100000000001	42.42699999999999	11.840999999999994	n/a	depth	CIN	Cingulate9	Right-Cerebral-White-Matter	41
CIN10	57.836200000000005	38.44399999999999	9.168999999999997	n/a	depth	CIN	Cingulate10	Unknown	42
SMG1	37.153800000000004	-11.114999999999995	-8.383999999999986	n/a	depth	SMG	SupraMarginalGyrus1	Right-Cerebral-White-Matter	43
SMG2	44.0407	-9.298000000000002	-2.341000000000008	n/a	depth	SMG	SupraMarginalGyrus2	Right-Cerebral-White-Matter	44
SMG3	48.5761	-9.667000000000002	-2.326999999999998	n/a	depth	SMG	SupraMarginalGyrus3	ctx_rh_Lat_Fis-post	45
SMG4	52.6519	-5.412999999999997	6.212999999999994	n/a	depth	SMG	SupraMarginalGyrus4	ctx_rh_G_pariet_inf-Supramar	46
SMG5	52.305400000000006	-0.05700000000000216	14.802999999999997	n/a	depth	SMG	SupraMarginalGyrus5	ctx_rh_G_pariet_inf-Supramar	47
SMG6	64.1379	5.52000000000001	10.393	n/a	depth	SMG	SupraMarginalGyrus6	ctx_rh_G_pariet_inf-Supramar	48
SMG7	68.9517	2.7649999999999864	13.652000000000001	n/a	depth	SMG	SupraMarginalGyrus7	Unknown	49
SMG8	72.19980000000001	5.9410000000000025	16.076999999999998	n/a	depth	SMG	SupraMarginalGyrus8	Unknown	50
SMG9	77.1221	8.977000000000004	18.427000000000007	n/a	depth	SMG	SupraMarginalGyrus9	Unknown	51
SMG10	82.3797	12.086000000000013	20.869	n/a	depth	SMG	SupraMarginalGyrus10	Unknown	52
